Workbook

Sheet 用例明细
A1: 说明：本表为「我的套餐管理页」测试用例。黄色底列为需回填项——「实测结果」填 通过 / 失败 / 阻塞 / 未测，「证据」填截图路径或命令输出摘要。用例来源：src/pages/photographer/services.vue 的真实代码分支。
A2: 用例ID | B2: 模块 | C2: 优先级 | D2: 用例标题 | E2: 前置条件 | F2: 操作步骤 | G2: 预期结果 | H2: 执行环境 | I2: 实测结果 | J2: 证据 | K2: 备注
A3: A1 | B3: A-初始化/渲染 | C3: P0 | D3: 未登录访问自动跳登录 | E3: 清除登录态 | F3: 打开 #/pages/photographer/services | G3: toast「请先登录」→ 跳 /pages/login/index?redirect=/pages/photographer/services | H3: dev+prod | I3: 通过 | J3: 跳转 #/pages/login/index?redirect=/pages/photographer/services（含 redirect） | K3: onShow 守卫
A4: A2 | B4: A-初始化/渲染 | C4: P0 | D4: 非摄影师访问被拒 | E4: 以 coser(13800138000) 登录 | F4: 打开该页 | G4: toast「仅摄影师可管理套餐」，约1.2s 后返回上一页（HTTP 403） | H4: dev+prod | I4: 通过 | J4: coser 打开该页：mine/POST/PUT/DELETE 均 403；页面无崩溃 | K4: loadServices 403 分支
A5: A3 | B5: A-初始化/渲染 | C5: P0 | D5: 摄影师正常加载列表 | E5: 摄影师(10000000001)登录且有套餐 | F5: 打开该页 | G5: 显示「共 N 个套餐」，N == 接口返回条数 | H5: dev+prod | I5: 通过 | J5: 「共 5 个套餐」== DOM .service-card 数量 5（夹具态） | K5: getMyServices
A6: A4 | B6: A-初始化/渲染 | C6: P1 | D6: 加载中状态 | E6: 摄影师登录、接口正常 | F6: 打开该页，观察加载瞬间 | G6: 先出现「加载中...」，数据到达后切换为列表 | H6: dev | I6: 通过(弱) | J6: `.loading-tip` 元素存在；未捕获瞬时窗口（快速接口下不可见） | K6: loading 态
A7: A5 | B7: A-初始化/渲染 | C7: P1 | D7: 空态显示 | E7: 摄影师登录且套餐数为 0 | F7: 打开该页 | G7: 显示「暂无套餐」+「点击「新增套餐」或「一键预填平台模板」开始定价」 | H7: dev | I7: 通过 | J7: 套餐数 0 → 「暂无套餐」+「点击「新增套餐」或「一键预填平台模板」开始定价」 | K7: 需先清空该摄影师套餐
A8: A6 | B8: A-初始化/渲染 | C8: P0 | D8: 列表卡片字段完整 | E8: 摄影师有套餐 | F8: 打开该页 | G8: 每卡含 名称/价格标签/时长/上架或下架/说明(有则)/编辑/删除 | H8: dev+prod | I8: 通过 | J8: 5 张卡均含 名称 / 价格 / 时长 / 上架 / 编辑 / 删除 | K8: service-card 结构
A9: B1 | B9: B-三态价格 | C9: P0 | D9: 面议渲染(price=null) | E9: 存在 price=NULL 套餐 | F9: 打开列表 | G9: 该条显示「面议」且元素带 is-negotiable 类 | H9: dev+prod | I9: 通过 | J9: 基础套餐 => 「面议」，className 含 is-negotiable | K9: renderPrice/priceClass
A10: B2 | B10: B-三态价格 | C10: P0 | D10: 互勉渲染(price=0) | E10: 存在 price=0 套餐 | F10: 打开列表 | G10: 该条显示「互勉」且带 is-mutual 类 | H10: dev+prod | I10: 通过 | J10: 进阶套餐 => 「互勉」，className 含 is-mutual | K10: 同上
A11: B3 | B11: B-三态价格 | C11: P0 | D11: 固定价渲染(price>0) | E11: 存在 price=399 套餐 | F11: 打开列表 | G11: 该条显示「¥399」且带 is-fixed 类 | H11: dev+prod | I11: 通过 | J11: 精品套餐 => 「¥399」，className 含 is-fixed | K11: 同上
A12: C1 | B12: C-时长格式化 | C12: P1 | D12: duration=0 → 未填写 | E12: 套餐 duration=0 | F12: 打开列表 | G12: 显示「未填写」 | H12: dev | I12: 通过 | J12: duration=0 → 「未填写」 | K12: formatDuration
A13: C2 | B13: C-时长格式化 | C13: P1 | D13: duration<60 → N 分钟 | E13: 套餐 duration=45 | F13: 打开列表 | G13: 显示「45 分钟」 | H13: dev | I13: 通过 | J13: duration=45 → 「45 分钟」 | K13: 同上
... A42: I2 | B42: I-导航 | C42: P1 | D42: 返回列表可用 | E42: 表单页 | F42: 点「返回列表」 | G42: 回到 list 模式（不保存） | H42: dev | I42: 通过 | J42: 表单页点「返回列表」→ 回到 list 模式 | K42: cancelForm

Sheet 汇总
A1: 模块 | B1: 用例数 | C1: 通过 | D1: 失败 | E1: 阻塞 | F1: 通过率
A2: A-初始化/渲染 | B2: =COUNTIF('用例明细'!$B$3:$B$42,$A2) | C2: =COUNTIFS('用例明细'!$B$3:$B$42,$A2,'用例明细'!$I$3:$I$42,"通过") | D2: =COUNTIFS('用例明细'!$B$3:$B$42,$A2,'用例明细'!$I$3:$I$42,"失败") | E2: =COUNTIFS('用例明细'!$B$3:$B$42,$A2,'用例明细'!$I$3:$I$42,"阻塞") | F2: =IFERROR(C2/B2,0)
A3: B-三态价格 | B3: =COUNTIF('用例明细'!$B$3:$B$42,$A3) | C3: =COUNTIFS('用例明细'!$B$3:$B$42,$A3,'用例明细'!$I$3:$I$42,"通过") | D3: =COUNTIFS('用例明细'!$B$3:$B$42,$A3,'用例明细'!$I$3:$I$42,"失败") | E3: =COUNTIFS('用例明细'!$B$3:$B$42,$A3,'用例明细'!$I$3:$I$42,"阻塞") | F3: =IFERROR(C3/B3,0)
A4: C-时长格式化 | B4: =COUNTIF('用例明细'!$B$3:$B$42,$A4) | C4: =COUNTIFS('用例明细'!$B$3:$B$42,$A4,'用例明细'!$I$3:$I$42,"通过") | D4: =COUNTIFS('用例明细'!$B$3:$B$42,$A4,'用例明细'!$I$3:$I$42,"失败") | E4: =COUNTIFS('用例明细'!$B$3:$B$42,$A4,'用例明细'!$I$3:$I$42,"阻塞") | F4: =IFERROR(C4/B4,0)
A5: D-新增套餐 | B5: =COUNTIF('用例明细'!$B$3:$B$42,$A5) | C5: =COUNTIFS('用例明细'!$B$3:$B$42,$A5,'用例明细'!$I$3:$I$42,"通过") | D5: =COUNTIFS('用例明细'!$B$3:$B$42,$A5,'用例明细'!$I$3:$I$42,"失败") | E5: =COUNTIFS('用例明细'!$B$3:$B$42,$A5,'用例明细'!$I$3:$I$42,"阻塞") | F5: =IFERROR(C5/B5,0)
A6: E-编辑套餐 | B6: =COUNTIF('用例明细'!$B$3:$B$42,$A6) | C6: =COUNTIFS('用例明细'!$B$3:$B$42,$A6,'用例明细'!$I$3:$I$42,"通过") | D6: =COUNTIFS('用例明细'!$B$3:$B$42,$A6,'用例明细'!$I$3:$I$42,"失败") | E6: =COUNTIFS('用例明细'!$B$3:$B$42,$A6,'用例明细'!$I$3:$I$42,"阻塞") | F6: =IFERROR(C6/B6,0)
A7: F-删除套餐 | B7: =COUNTIF('用例明细'!$B$3:$B$42,$A7) | C7: =COUNTIFS('用例明细'!$B$3:$B$42,$A7,'用例明细'!$I$3:$I$42,"通过") | D7: =COUNTIFS('用例明细'!$B$3:$B$42,$A7,'用例明细'!$I$3:$I$42,"失败") | E7: =COUNTIFS('用例明细'!$B$3:$B$42,$A7,'用例明细'!$I$3:$I$42,"阻塞") | F7: =IFERROR(C7/B7,0)
A8: G-一键预填 | B8: =COUNTIF('用例明细'!$B$3:$B$42,$A8) | C8: =COUNTIFS('用例明细'!$B$3:$B$42,$A8,'用例明细'!$I$3:$I$42,"通过") | D8: =COUNTIFS('用例明细'!$B$3:$B$42,$A8,'用例明细'!$I$3:$I$42,"失败") | E8: =COUNTIFS('用例明细'!$B$3:$B$42,$A8,'用例明细'!$I$3:$I$42,"阻塞") | F8: =IFERROR(C8/B8,0)
A9: H-权限与异常 | B9: =COUNTIF('用例明细'!$B$3:$B$42,$A9) | C9: =COUNTIFS('用例明细'!$B$3:$B$42,$A9,'用例明细'!$I$3:$I$42,"通过") | D9: =COUNTIFS('用例明细'!$B$3:$B$42,$A9,'用例明细'!$I$3:$I$42,"失败") | E9: =COUNTIFS('用例明细'!$B$3:$B$42,$A9,'用例明细'!$I$3:$I$42,"阻塞") | F9: =IFERROR(C9/B9,0)
A10: I-导航 | B10: =COUNTIF('用例明细'!$B$3:$B$42,$A10) | C10: =COUNTIFS('用例明细'!$B$3:$B$42,$A10,'用例明细'!$I$3:$I$42,"通过") | D10: =COUNTIFS('用例明细'!$B$3:$B$42,$A10,'用例明细'!$I$3:$I$42,"失败") | E10: =COUNTIFS('用例明细'!$B$3:$B$42,$A10,'用例明细'!$I$3:$I$42,"阻塞") | F10: =IFERROR(C10/B10,0)
A11: 合计 | B11: =SUM(B2:B10) | C11: =SUM(C2:C10) | D11: =SUM(D2:D10) | E11: =SUM(E2:E10) | F11: =IFERROR(C11/B11,0)
A13: 说明：通过/失败/阻塞 由「用例明细」的 I 列自动统计（Excel 打开时自动计算）。
